{
	"info": {
		"_postman_id": "92c9dd13-28e4-4434-ad10-bd689f73a79f",
		"name": "RentAcar",
		"description": "# 🚀 Get started here\n\nThis template guides you through CRUD operations (GET, POST, PUT, DELETE), variables, and tests.\n\n## 🔖 **How to use this template**\n\n#### **Step 1: Send requests**\n\nRESTful APIs allow you to perform CRUD operations using the POST, GET, PUT, and DELETE HTTP methods.\n\nThis collection contains each of these [request](https://learning.postman.com/docs/sending-requests/requests/) types. Open each request and click \"Send\" to see what happens.\n\n#### **Step 2: View responses**\n\nObserve the response tab for status code (200 OK), response time, and size.\n\n#### **Step 3: Send new Body data**\n\nUpdate or add new data in \"Body\" in the POST request. Typically, Body data is also used in PUT request.\n\n```\n{\n    \"name\": \"Add your name in the body\"\n}\n\n ```\n\n#### **Step 4: Update the variable**\n\nVariables enable you to store and reuse values in Postman. We have created a [variable](https://learning.postman.com/docs/sending-requests/variables/) called `base_url` with the sample request [https://postman-api-learner.glitch.me](https://postman-api-learner.glitch.me). Replace it with your API endpoint to customize this collection.\n\n#### **Step 5: Add tests in the \"Scripts\" tab**\n\nAdding tests to your requests can help you confirm that your API is working as expected. You can write test scripts in JavaScript and view the output in the \"Test Results\" tab.\n\n<img src=\"https://content.pstmn.io/fa30ea0a-373d-4545-a668-e7b283cca343/aW1hZ2UucG5n\" alt=\"\" height=\"1530\" width=\"2162\">\n\n## 💪 Pro tips\n\n- Use folders to group related requests and organize the collection.\n    \n- Add more [scripts](https://learning.postman.com/docs/writing-scripts/intro-to-scripts/) to verify if the API works as expected and execute workflows.\n    \n\n## 💡Related templates\n\n[API testing basics](https://go.postman.co/redirect/workspace?type=personal&collectionTemplateId=e9a37a28-055b-49cd-8c7e-97494a21eb54&sourceTemplateId=ddb19591-3097-41cf-82af-c84273e56719)  \n[API documentation](https://go.postman.co/redirect/workspace?type=personal&collectionTemplateId=e9c28f47-1253-44af-a2f3-20dce4da1f18&sourceTemplateId=ddb19591-3097-41cf-82af-c84273e56719)  \n[Authorization methods](https://go.postman.co/redirect/workspace?type=personal&collectionTemplateId=31a9a6ed-4cdf-4ced-984c-d12c9aec1c27&sourceTemplateId=ddb19591-3097-41cf-82af-c84273e56719)",
		"schema": "https://schema.getpostman.com/json/collection/v2.1.0/collection.json",
		"_exporter_id": "25948402"
	},
	"item": [
		{
			"name": "Auth",
			"item": [
				{
					"name": "register",
					"event": [
						{
							"listen": "test",
							"script": {
								"exec": [
									""
								],
								"type": "text/javascript",
								"packages": {}
							}
						},
						{
							"listen": "prerequest",
							"script": {
								"exec": [
									""
								],
								"type": "text/javascript",
								"packages": {}
							}
						}
					],
					"request": {
						"method": "POST",
						"header": [],
						"body": {
							"mode": "raw",
							"raw": "{\n\t\"firstname\": \"Abdullah\",\n    \"lastname\": \"karakoç\",\n    \"dateOfBirth\": \"1998-03-12\",\n    \"email\": \"abdullahkarakoc405@gmail.com\",\n    \"password\": \"12345678\"\n}",
							"options": {
								"raw": {
									"language": "json"
								}
							}
						},
						"url": {
							"raw": "{{api_url}}:{{api_port}}/api/v1/auth/register",
							"host": [
								"{{api_url}}"
							],
							"port": "{{api_port}}",
							"path": [
								"api",
								"v1",
								"auth",
								"register"
							]
						},
						"description": "This is a POST request, submitting data to an API via the request body. This request submits JSON data, and the data is reflected in the response.\n\nA successful POST request typically returns a `200 OK` or `201 Created` response code."
					},
					"response": []
				},
				{
					"name": "activate account",
					"event": [
						{
							"listen": "test",
							"script": {
								"exec": [
									"pm.test(\"Status code is 200\", function () {",
									"    pm.response.to.have.status(200);",
									"});"
								],
								"type": "text/javascript",
								"packages": {}
							}
						}
					],
					"request": {
						"method": "GET",
						"header": [],
						"url": {
							"raw": "{{api_url}}:{{api_port}}/api/v1/auth/activate-account?token=191895",
							"host": [
								"{{api_url}}"
							],
							"port": "{{api_port}}",
							"path": [
								"api",
								"v1",
								"auth",
								"activate-account"
							],
							"query": [
								{
									"key": "token",
									"value": "191895"
								}
							]
						},
						"description": "This is a GET request and it is used to \"get\" data from an endpoint. There is no request body for a GET request, but you can use query parameters to help specify the resource you want data on (e.g., in this request, we have `id=1`).\n\nA successful GET response will have a `200 OK` status, and should include some kind of response body - for example, HTML web content or JSON data."
					},
					"response": []
				},
				{
					"name": "login",
					"event": [
						{
							"listen": "test",
							"script": {
								"exec": [
									""
								],
								"type": "text/javascript",
								"packages": {}
							}
						}
					],
					"request": {
						"auth": {
							"type": "noauth"
						},
						"method": "POST",
						"header": [],
						"body": {
							"mode": "raw",
							"raw": "{\n\t\"email\": \"abdullahkarakoc405@gmail.com\",\n    \"password\": \"12345678\"\n}",
							"options": {
								"raw": {
									"language": "json"
								}
							}
						},
						"url": {
							"raw": "{{api_url}}:{{api_port}}/api/v1/auth/authenticate",
							"host": [
								"{{api_url}}"
							],
							"port": "{{api_port}}",
							"path": [
								"api",
								"v1",
								"auth",
								"authenticate"
							]
						},
						"description": "This is a PUT request and it is used to overwrite an existing piece of data. For instance, after you create an entity with a POST request, you may want to modify that later. You can do that using a PUT request. You typically identify the entity being updated by including an identifier in the URL (eg. `id=1`).\n\nA successful PUT request typically returns a `200 OK`, `201 Created`, or `204 No Content` response code."
					},
					"response": []
				}
			]
		},
		{
			"name": "BranchAddress",
			"item": [
				{
					"name": "Create Branch Address",
					"request": {
						"auth": {
							"type": "bearer",
							"bearer": [
								{
									"key": "token",
									"value": "{{bearer_id}}",
									"type": "string"
								}
							]
						},
						"method": "POST",
						"header": [],
						"body": {
							"mode": "raw",
							"raw": "{\r\n    \"street\": \"123 Main St\",\r\n    \"city\": \"Ankara\",\r\n    \"country\": \"TURKEY\",\r\n    \"zipCode\": \"06000\"\r\n}",
							"options": {
								"raw": {
									"language": "json"
								}
							}
						},
						"url": {
							"raw": "{{api_url}}:{{api_port}}/api/v1/branch-addresses",
							"host": [
								"{{api_url}}"
							],
							"port": "{{api_port}}",
							"path": [
								"api",
								"v1",
								"branch-addresses"
							]
						}
					},
					"response": []
				},
				{
					"name": "Get All Branch Address",
					"request": {
						"auth": {
							"type": "bearer",
							"bearer": [
								{
									"key": "token",
									"value": "{{bearer_id}}",
									"type": "string"
								}
							]
						},
						"method": "GET",
						"header": [],
						"url": {
							"raw": "{{api_url}}:{{api_port}}/api/v1/branch-addresses",
							"host": [
								"{{api_url}}"
							],
							"port": "{{api_port}}",
							"path": [
								"api",
								"v1",
								"branch-addresses"
							]
						}
					},
					"response": []
				},
				{
					"name": "Get Branch Address by Id",
					"request": {
						"method": "GET",
						"header": [],
						"url": {
							"raw": "{{api_url}}:{{api_port}}/api/v1/branch-addresses/69bc7f35-e473-4d09-b403-a7d271e2523e",
							"host": [
								"{{api_url}}"
							],
							"port": "{{api_port}}",
							"path": [
								"api",
								"v1",
								"branch-addresses",
								"69bc7f35-e473-4d09-b403-a7d271e2523e"
							]
						}
					},
					"response": []
				},
				{
					"name": "Update Branch Address by Id",
					"request": {
						"method": "PUT",
						"header": [],
						"body": {
							"mode": "raw",
							"raw": "{\r\n    \"street\": \"123 Main St\",\r\n    \"city\": \"Ankara\",\r\n    \"country\": \"Turkey\",\r\n    \"zipCode\": \"06000\"\r\n}",
							"options": {
								"raw": {
									"language": "json"
								}
							}
						},
						"url": {
							"raw": "{{api_url}}:{{api_port}}/api/v1/branch-addresses/69bc7f35-e473-4d09-b403-a7d271e2523e",
							"host": [
								"{{api_url}}"
							],
							"port": "{{api_port}}",
							"path": [
								"api",
								"v1",
								"branch-addresses",
								"69bc7f35-e473-4d09-b403-a7d271e2523e"
							]
						}
					},
					"response": []
				},
				{
					"name": "Delete Branch Address by Id",
					"request": {
						"auth": {
							"type": "noauth"
						},
						"method": "DELETE",
						"header": [],
						"url": {
							"raw": "{{api_url}}:{{api_port}}/api/v1/branch-addresses/e701d780-f358-4315-98e7-7d0531281bf8",
							"host": [
								"{{api_url}}"
							],
							"port": "{{api_port}}",
							"path": [
								"api",
								"v1",
								"branch-addresses",
								"e701d780-f358-4315-98e7-7d0531281bf8"
							]
						}
					},
					"response": []
				}
			],
			"auth": {
				"type": "bearer",
				"bearer": [
					{
						"key": "token",
						"value": "{{bearer_id}}",
						"type": "string"
					}
				]
			},
			"event": [
				{
					"listen": "prerequest",
					"script": {
						"type": "text/javascript",
						"packages": {},
						"exec": [
							""
						]
					}
				},
				{
					"listen": "test",
					"script": {
						"type": "text/javascript",
						"packages": {},
						"exec": [
							""
						]
					}
				}
			]
		},
		{
			"name": "Branchs",
			"item": [
				{
					"name": "Create  Branch",
					"request": {
						"method": "POST",
						"header": [],
						"body": {
							"mode": "raw",
							"raw": "{\r\n    \"branchName\": \"Central\",\r\n    \"branchAddress\": {\r\n        \"street\": \"123 Main St\",\r\n        \"city\": \"Ankara\",\r\n        \"country\": \"TURKEY\",\r\n        \"zipCode\": \"06000\"\r\n    }\r\n}",
							"options": {
								"raw": {
									"language": "json"
								}
							}
						},
						"url": {
							"raw": "{{api_url}}:{{api_port}}/api/v1/branches",
							"host": [
								"{{api_url}}"
							],
							"port": "{{api_port}}",
							"path": [
								"api",
								"v1",
								"branches"
							]
						}
					},
					"response": []
				},
				{
					"name": "Get All Branch",
					"request": {
						"method": "GET",
						"header": [],
						"url": {
							"raw": "{{api_url}}:{{api_port}}/api/v1/branches",
							"host": [
								"{{api_url}}"
							],
							"port": "{{api_port}}",
							"path": [
								"api",
								"v1",
								"branches"
							]
						}
					},
					"response": []
				},
				{
					"name": "Get Branch by Id",
					"request": {
						"method": "GET",
						"header": [],
						"url": {
							"raw": "{{api_url}}:{{api_port}}/api/v1/branches/527207b2-343f-4ea5-8943-4842d33b5028",
							"host": [
								"{{api_url}}"
							],
							"port": "{{api_port}}",
							"path": [
								"api",
								"v1",
								"branches",
								"527207b2-343f-4ea5-8943-4842d33b5028"
							]
						}
					},
					"response": []
				},
				{
					"name": "Update Branch by Id",
					"request": {
						"method": "PUT",
						"header": [],
						"body": {
							"mode": "raw",
							"raw": "{\r\n    \"branchName\": \"Globex\",\r\n    \"branchAddress\": {\r\n        \"street\": \"123 Main St\",\r\n        \"city\": \"İzmir\",\r\n        \"country\": \"TURKEY\",\r\n        \"zipCode\": \"06000\"\r\n    }\r\n}",
							"options": {
								"raw": {
									"language": "json"
								}
							}
						},
						"url": {
							"raw": "{{api_url}}:{{api_port}}/api/v1/branches/527207b2-343f-4ea5-8943-4842d33b5028",
							"host": [
								"{{api_url}}"
							],
							"port": "{{api_port}}",
							"path": [
								"api",
								"v1",
								"branches",
								"527207b2-343f-4ea5-8943-4842d33b5028"
							]
						}
					},
					"response": []
				},
				{
					"name": "Delete Branch by Id",
					"request": {
						"method": "DELETE",
						"header": [],
						"url": {
							"raw": "{{api_url}}:{{api_port}}/api/v1/branches/527207b2-343f-4ea5-8943-4842d33b5028",
							"host": [
								"{{api_url}}"
							],
							"port": "{{api_port}}",
							"path": [
								"api",
								"v1",
								"branches",
								"527207b2-343f-4ea5-8943-4842d33b5028"
							]
						}
					},
					"response": []
				}
			]
		},
		{
			"name": "Cars",
			"item": [
				{
					"name": "Create Car",
					"request": {
						"method": "POST",
						"header": [],
						"body": {
							"mode": "raw",
							"raw": "{\r\n    \"brand\": \"TOYOTA\",\r\n    \"segment\": \"SUV\",\r\n    \"model\": \"RAV4\",\r\n    \"color\": \"BLUE\",\r\n    \"year\": 2022,\r\n    \"plateNumber\": \"34XYZ78\",\r\n    \"pricePerHour\": 50,\r\n    \"insurances\": {\r\n        \"provider\": \"Allianz\",\r\n        \"cost\": 100.0,\r\n        \"category\": \"FULL_COVERAGE\"\r\n    },\r\n    \"branchUUID\": \"6e2fb733-68e7-4ee3-bdb6-9b4683e7d1c4\"\r\n}",
							"options": {
								"raw": {
									"language": "json"
								}
							}
						},
						"url": {
							"raw": "{{api_url}}:{{api_port}}/api/v1/cars",
							"host": [
								"{{api_url}}"
							],
							"port": "{{api_port}}",
							"path": [
								"api",
								"v1",
								"cars"
							]
						}
					},
					"response": []
				},
				{
					"name": "Get All Cars",
					"request": {
						"method": "GET",
						"header": [],
						"url": {
							"raw": "{{api_url}}:{{api_port}}/api/v1/cars",
							"host": [
								"{{api_url}}"
							],
							"port": "{{api_port}}",
							"path": [
								"api",
								"v1",
								"cars"
							]
						}
					},
					"response": []
				},
				{
					"name": "Get Car by Id",
					"request": {
						"method": "GET",
						"header": [],
						"url": {
							"raw": "{{api_url}}:{{api_port}}/api/v1/cars/c885d1a1-2822-4ecd-86b4-7a6245059bcf",
							"host": [
								"{{api_url}}"
							],
							"port": "{{api_port}}",
							"path": [
								"api",
								"v1",
								"cars",
								"c885d1a1-2822-4ecd-86b4-7a6245059bcf"
							]
						}
					},
					"response": []
				},
				{
					"name": "Update Car by Id",
					"request": {
						"method": "PUT",
						"header": [],
						"body": {
							"mode": "raw",
							"raw": "{\r\n    \"brand\": \"BMW\",\r\n    \"segment\": \"SUV\",\r\n    \"model\": \"RAV4\",\r\n    \"color\": \"BLUE\",\r\n    \"year\": 2022,\r\n    \"plateNumber\": \"34XYZ78\",\r\n    \"pricePerHour\": 50,\r\n    \"insurances\": {\r\n        \"provider\": \"Allianz\",\r\n        \"cost\": 100.0,\r\n        \"category\": \"FULL_COVERAGE\"\r\n    },\r\n    \"branchUUID\": \"7a103b77-d102-4d60-a953-83c3580c06f3\"\r\n}",
							"options": {
								"raw": {
									"language": "json"
								}
							}
						},
						"url": {
							"raw": "{{api_url}}:{{api_port}}/api/v1/cars/c885d1a1-2822-4ecd-86b4-7a6245059bcf",
							"host": [
								"{{api_url}}"
							],
							"port": "{{api_port}}",
							"path": [
								"api",
								"v1",
								"cars",
								"c885d1a1-2822-4ecd-86b4-7a6245059bcf"
							]
						}
					},
					"response": []
				},
				{
					"name": "Delete Car by Id",
					"request": {
						"method": "DELETE",
						"header": [],
						"url": {
							"raw": "{{api_url}}:{{api_port}}/api/v1/cars/0026164a-d9f5-4251-968d-d1e77d7ec5fb",
							"host": [
								"{{api_url}}"
							],
							"port": "{{api_port}}",
							"path": [
								"api",
								"v1",
								"cars",
								"0026164a-d9f5-4251-968d-d1e77d7ec5fb"
							]
						}
					},
					"response": []
				}
			]
		},
		{
			"name": "Users",
			"item": [
				{
					"name": "Get All Users with Rental Record",
					"request": {
						"method": "GET",
						"header": [],
						"url": {
							"raw": "{{api_url}}:{{api_port}}/api/v1/users",
							"host": [
								"{{api_url}}"
							],
							"port": "{{api_port}}",
							"path": [
								"api",
								"v1",
								"users"
							]
						}
					},
					"response": []
				},
				{
					"name": "Get User with Rental Record by Id",
					"request": {
						"method": "GET",
						"header": [],
						"url": {
							"raw": "{{api_url}}:{{api_port}}/api/v1/users/e78451e4-f1e6-423e-84fb-41edbe730d8e",
							"host": [
								"{{api_url}}"
							],
							"port": "{{api_port}}",
							"path": [
								"api",
								"v1",
								"users",
								"e78451e4-f1e6-423e-84fb-41edbe730d8e"
							]
						}
					},
					"response": []
				},
				{
					"name": "Update User With Rental Record by Id",
					"request": {
						"method": "PUT",
						"header": [],
						"body": {
							"mode": "raw",
							"raw": "{\r\n    \"email\": \"abdullahkarakoc45@gmail.com\",\r\n    \"password\": \"12345678\"\r\n}",
							"options": {
								"raw": {
									"language": "json"
								}
							}
						},
						"url": {
							"raw": "{{api_url}}:{{api_port}}/api/v1/users/",
							"host": [
								"{{api_url}}"
							],
							"port": "{{api_port}}",
							"path": [
								"api",
								"v1",
								"users",
								""
							]
						}
					},
					"response": []
				},
				{
					"name": "Delete User by Id",
					"request": {
						"method": "DELETE",
						"header": [],
						"url": {
							"raw": "{{api_url}}:{{api_port}}/api/v1/users/",
							"host": [
								"{{api_url}}"
							],
							"port": "{{api_port}}",
							"path": [
								"api",
								"v1",
								"users",
								""
							]
						}
					},
					"response": []
				}
			]
		},
		{
			"name": "Insurances",
			"item": [
				{
					"name": "Create Insurance",
					"request": {
						"method": "POST",
						"header": [],
						"body": {
							"mode": "raw",
							"raw": "{\r\n  \"provider\": \"Insurance Provider\",\r\n  \"cost\": 150.50,\r\n  \"category\": \"FULL_COVERAGE\"\r\n}",
							"options": {
								"raw": {
									"language": "json"
								}
							}
						},
						"url": {
							"raw": "{{api_url}}:{{api_port}}/api/v1/insurances",
							"host": [
								"{{api_url}}"
							],
							"port": "{{api_port}}",
							"path": [
								"api",
								"v1",
								"insurances"
							]
						}
					},
					"response": []
				},
				{
					"name": "Get All Insurances",
					"request": {
						"method": "GET",
						"header": [],
						"url": {
							"raw": "{{api_url}}:{{api_port}}/api/v1/insurances",
							"host": [
								"{{api_url}}"
							],
							"port": "{{api_port}}",
							"path": [
								"api",
								"v1",
								"insurances"
							]
						}
					},
					"response": []
				},
				{
					"name": "Get Insurances by Id",
					"request": {
						"method": "GET",
						"header": [],
						"url": {
							"raw": "{{api_url}}:{{api_port}}/api/v1/insurances/",
							"host": [
								"{{api_url}}"
							],
							"port": "{{api_port}}",
							"path": [
								"api",
								"v1",
								"insurances",
								""
							]
						}
					},
					"response": []
				},
				{
					"name": "Update Insurance by Id",
					"request": {
						"method": "PUT",
						"header": [],
						"body": {
							"mode": "raw",
							"raw": "{\r\n  \"provider\": \"Insurance Provider\",\r\n  \"cost\": 150.50,\r\n  \"category\": \"FULL_COVERAGE\"\r\n}",
							"options": {
								"raw": {
									"language": "json"
								}
							}
						},
						"url": {
							"raw": "{{api_url}}:{{api_port}}/api/v1/insurances/",
							"host": [
								"{{api_url}}"
							],
							"port": "{{api_port}}",
							"path": [
								"api",
								"v1",
								"insurances",
								""
							]
						}
					},
					"response": []
				},
				{
					"name": "Delete Insurance by ıd",
					"request": {
						"method": "DELETE",
						"header": [],
						"url": {
							"raw": "{{api_url}}:{{api_port}}/api/v1/insurances/",
							"host": [
								"{{api_url}}"
							],
							"port": "{{api_port}}",
							"path": [
								"api",
								"v1",
								"insurances",
								""
							]
						}
					},
					"response": []
				}
			]
		},
		{
			"name": "Payments",
			"item": [
				{
					"name": "Create Payment",
					"request": {
						"method": "POST",
						"header": [],
						"body": {
							"mode": "raw",
							"raw": "{\r\n  \"totalAmount\": 5000,\r\n  \"paymentType\": \"CREDIT_CARD\"\r\n}",
							"options": {
								"raw": {
									"language": "json"
								}
							}
						},
						"url": {
							"raw": "{{api_url}}:{{api_port}}/api/v1/payments",
							"host": [
								"{{api_url}}"
							],
							"port": "{{api_port}}",
							"path": [
								"api",
								"v1",
								"payments"
							]
						}
					},
					"response": []
				},
				{
					"name": "Get All Payments",
					"request": {
						"method": "GET",
						"header": [],
						"url": {
							"raw": "{{api_url}}:{{api_port}}/api/v1/payments",
							"host": [
								"{{api_url}}"
							],
							"port": "{{api_port}}",
							"path": [
								"api",
								"v1",
								"payments"
							]
						}
					},
					"response": []
				},
				{
					"name": "Get Payment by Id",
					"request": {
						"method": "GET",
						"header": [],
						"url": {
							"raw": "{{api_url}}:{{api_port}}/api/v1/payments",
							"host": [
								"{{api_url}}"
							],
							"port": "{{api_port}}",
							"path": [
								"api",
								"v1",
								"payments"
							]
						}
					},
					"response": []
				},
				{
					"name": "Update Payment by Id",
					"request": {
						"method": "PUT",
						"header": [],
						"body": {
							"mode": "raw",
							"raw": "{\r\n  \"totalAmount\": 5000,\r\n  \"paymentType\": \"CREDIT_CARD\"\r\n}",
							"options": {
								"raw": {
									"language": "json"
								}
							}
						},
						"url": {
							"raw": "{{api_url}}:{{api_port}}/api/v1/payments",
							"host": [
								"{{api_url}}"
							],
							"port": "{{api_port}}",
							"path": [
								"api",
								"v1",
								"payments"
							]
						}
					},
					"response": []
				},
				{
					"name": "Delete Payment by Id",
					"request": {
						"method": "DELETE",
						"header": [],
						"url": {
							"raw": "{{api_url}}:{{api_port}}/api/v1/payments",
							"host": [
								"{{api_url}}"
							],
							"port": "{{api_port}}",
							"path": [
								"api",
								"v1",
								"payments"
							]
						}
					},
					"response": []
				}
			]
		},
		{
			"name": "Staff",
			"item": [
				{
					"name": "Create Staff",
					"request": {
						"auth": {
							"type": "bearer",
							"bearer": [
								{
									"key": "token",
									"value": "{{bearer_id}}",
									"type": "string"
								}
							]
						},
						"method": "POST",
						"header": [],
						"body": {
							"mode": "raw",
							"raw": "{\r\n  \"firstName\": \"John\",\r\n  \"lastName\": \"Doe\",\r\n  \"phone\": \"1234567890\",\r\n  \"email\": \"john.doe@example.com\",\r\n  \"branchUUID\": \"6e2fb733-68e7-4ee3-bdb6-9b4683e7d1c4\"\r\n}\r\n",
							"options": {
								"raw": {
									"language": "json"
								}
							}
						},
						"url": {
							"raw": "{{api_url}}:{{api_port}}/api/v1/staff",
							"host": [
								"{{api_url}}"
							],
							"port": "{{api_port}}",
							"path": [
								"api",
								"v1",
								"staff"
							]
						}
					},
					"response": []
				},
				{
					"name": "Get All Staff",
					"request": {
						"method": "GET",
						"header": [],
						"url": {
							"raw": "{{api_url}}:{{api_port}}/api/v1/staff",
							"host": [
								"{{api_url}}"
							],
							"port": "{{api_port}}",
							"path": [
								"api",
								"v1",
								"staff"
							]
						}
					},
					"response": []
				},
				{
					"name": "Get Staff by Id",
					"request": {
						"method": "GET",
						"header": [],
						"url": {
							"raw": "{{api_url}}:{{api_port}}/api/v1/staff/1b310db8-aa4f-4578-a9cc-184f6008fa55",
							"host": [
								"{{api_url}}"
							],
							"port": "{{api_port}}",
							"path": [
								"api",
								"v1",
								"staff",
								"1b310db8-aa4f-4578-a9cc-184f6008fa55"
							]
						}
					},
					"response": []
				},
				{
					"name": "Update Staff by Id",
					"request": {
						"method": "PUT",
						"header": [],
						"body": {
							"mode": "raw",
							"raw": "{\r\n  \"firstName\": \"John\",\r\n  \"lastName\": \"Doe\",\r\n  \"phone\": \"1234567890\",\r\n  \"email\": \"john.doe@example.com\",\r\n  \"branchUUID\": \"d2a77c1c-6124-403a-8250-74951cea3e64\"\r\n}\r\n",
							"options": {
								"raw": {
									"language": "json"
								}
							}
						},
						"url": {
							"raw": "{{api_url}}:{{api_port}}/api/v1/staff/",
							"host": [
								"{{api_url}}"
							],
							"port": "{{api_port}}",
							"path": [
								"api",
								"v1",
								"staff",
								""
							]
						}
					},
					"response": []
				},
				{
					"name": "Delete Staff by Id",
					"request": {
						"method": "DELETE",
						"header": [],
						"url": {
							"raw": "{{api_url}}:{{api_port}}/api/v1/staff/",
							"host": [
								"{{api_url}}"
							],
							"port": "{{api_port}}",
							"path": [
								"api",
								"v1",
								"staff",
								""
							]
						}
					},
					"response": []
				}
			]
		},
		{
			"name": "Rentals",
			"item": [
				{
					"name": "Create Rental",
					"request": {
						"method": "POST",
						"header": [],
						"body": {
							"mode": "raw",
							"raw": "{\r\n    \"rentalDate\": \"2024-07-12T00:00:00\",\r\n    \"returnDate\": \"2024-09-20T00:00:00\",\r\n    \"carUUID\": \"6b9e1e13-94eb-4283-ba62-31986e49be97\",\r\n    \"staffUUID\": \"69475af6-e883-4c2b-ba47-6640b707df24\",\r\n    \"userUUID\":\"969c23a0-af8d-40d4-8eb5-a3932a7738cc\",\r\n    \"payment\": {\r\n        \"totalAmount\": 200,\r\n        \"paymentType\": \"CASH\"\r\n    }\r\n}",
							"options": {
								"raw": {
									"language": "json"
								}
							}
						},
						"url": {
							"raw": "{{api_url}}:{{api_port}}/api/v1/rentals",
							"host": [
								"{{api_url}}"
							],
							"port": "{{api_port}}",
							"path": [
								"api",
								"v1",
								"rentals"
							]
						}
					},
					"response": []
				},
				{
					"name": "Get All Rental",
					"request": {
						"method": "GET",
						"header": [],
						"url": {
							"raw": "{{api_url}}:{{api_port}}/api/v1/rentals",
							"host": [
								"{{api_url}}"
							],
							"port": "{{api_port}}",
							"path": [
								"api",
								"v1",
								"rentals"
							]
						}
					},
					"response": []
				},
				{
					"name": "Get Rental by Id",
					"request": {
						"method": "GET",
						"header": [],
						"url": {
							"raw": "{{api_url}}:{{api_port}}/api/v1/rentals/ce5a8667-5772-49bb-882e-eed129964252",
							"host": [
								"{{api_url}}"
							],
							"port": "{{api_port}}",
							"path": [
								"api",
								"v1",
								"rentals",
								"ce5a8667-5772-49bb-882e-eed129964252"
							]
						}
					},
					"response": []
				},
				{
					"name": "Update Rental by Id",
					"request": {
						"method": "PUT",
						"header": [],
						"body": {
							"mode": "raw",
							"raw": "{\r\n    \"rentalDate\": \"2024-07-12T00:00:00\",\r\n    \"returnDate\": \"2024-09-20T00:00:00\",\r\n    \"carUUID\": \"3c8b8a6b-6e73-4db0-a9a4-86f7f5cb03a1\",\r\n    \"staffUUID\": \"53a44c8a-d103-461d-b121-c37f511aa3df\",\r\n    \"userUUID\":\"e78451e4-f1e6-423e-84fb-41edbe730d8e\",\r\n    \"payment\": {\r\n        \"totalAmount\": 200,\r\n        \"paymentType\": \"CASH\"\r\n    }\r\n}",
							"options": {
								"raw": {
									"language": "json"
								}
							}
						},
						"url": {
							"raw": "{{api_url}}:{{api_port}}/api/v1/rentals/ce5a8667-5772-49bb-882e-eed129964252",
							"host": [
								"{{api_url}}"
							],
							"port": "{{api_port}}",
							"path": [
								"api",
								"v1",
								"rentals",
								"ce5a8667-5772-49bb-882e-eed129964252"
							]
						}
					},
					"response": []
				},
				{
					"name": "Delete Rental by Id",
					"request": {
						"method": "DELETE",
						"header": [],
						"url": {
							"raw": "{{api_url}}:{{api_port}}/api/v1/rentals/ce5a8667-5772-49bb-882e-eed129964252",
							"host": [
								"{{api_url}}"
							],
							"port": "{{api_port}}",
							"path": [
								"api",
								"v1",
								"rentals",
								"ce5a8667-5772-49bb-882e-eed129964252"
							]
						}
					},
					"response": []
				}
			]
		}
	],
	"auth": {
		"type": "bearer",
		"bearer": [
			{
				"key": "token",
				"value": "{{bearer_id}}",
				"type": "string"
			}
		]
	},
	"event": [
		{
			"listen": "prerequest",
			"script": {
				"type": "text/javascript",
				"exec": [
					""
				]
			}
		},
		{
			"listen": "test",
			"script": {
				"type": "text/javascript",
				"exec": [
					""
				]
			}
		}
	],
	"variable": [
		{
			"key": "id",
			"value": "1"
		},
		{
			"key": "base_url",
			"value": "http://localhost/8088"
		},
		{
			"key": "bearer_id",
			"value": "eyJhbGciOiJIUzUxMiJ9.eyJmdWxsTmFtZSI6IkFiZHVsbGFoIGthcmFrb8OnIiwic3ViIjoiYWJkdWxsYWhrYXJha29jNDA1QGdtYWlsLmNvbSIsImlhdCI6MTcyMTgwNzkzNSwiZXhwIjoxNzIxODk0MzM1LCJhdXRob3JpdGllcyI6WyJVU0VSIl19.3bGSLeGH98yN2m3RjMTKW0eR4gEqmKCAtl55-0WDzoZXeN8E0YcGAo1a7YeH5-1qKnKq-oQYZsEXBP3ey-5vXQ",
			"type": "string"
		}
	]
}